{"thumb":{"knuckleSegment":70.5577163696289,"middleSegment":57.47208023071289,"endSegment":26.989389419555665},"indexFinger":{"knuckleSegment":44.26276397705078,"middleSegment":29.030441284179689,"endSegment":16.542098999023439},"middleFinger":{"knuckleSegment":80.5324478149414,"middleSegment":28.404130935668947,"endSegment":18.624420166015626},"ringFinger":{"knuckleSegment":75.06614685058594,"middleSegment":33.181236267089847,"endSegment":18.205841064453126},"littleFinger":{"knuckleSegment":60.31885528564453,"middleSegment":25.896240234375,"endSegment":17.81350326538086},"AllAngles":[70.5577163696289,57.47208023071289,26.989389419555665,44.26276397705078,29.030441284179689,16.542098999023439,80.5324478149414,28.404130935668947,18.624420166015626,75.06614685058594,33.181236267089847,18.205841064453126,60.31885528564453,25.896240234375,17.81350326538086],"handAngle":{"x":0.0,"y":0.0,"z":0.0,"w":1.0}}