{"thumb":{"knuckleSegment":55.747257232666019,"middleSegment":52.629512786865237,"endSegment":27.833017349243165},"indexFinger":{"knuckleSegment":68.48794555664063,"middleSegment":24.467763900756837,"endSegment":17.704994201660158},"middleFinger":{"knuckleSegment":58.633949279785159,"middleSegment":39.800132751464847,"endSegment":21.32567024230957},"ringFinger":{"knuckleSegment":52.36030197143555,"middleSegment":35.536869049072269,"endSegment":19.201797485351564},"littleFinger":{"knuckleSegment":45.88739013671875,"middleSegment":26.509109497070314,"endSegment":19.03380012512207},"AllAngles":[55.747257232666019,52.629512786865237,27.833017349243165,68.48794555664063,24.467763900756837,17.704994201660158,58.633949279785159,39.800132751464847,21.32567024230957,52.36030197143555,35.536869049072269,19.201797485351564,45.88739013671875,26.509109497070314,19.03380012512207],"handAngle":{"x":0.0,"y":0.0,"z":0.0,"w":1.0}}