{"thumb":{"knuckleSegment":23.55825424194336,"middleSegment":36.71050262451172,"endSegment":29.880937576293947},"indexFinger":{"knuckleSegment":73.28202819824219,"middleSegment":25.621932983398439,"endSegment":17.777406692504884},"middleFinger":{"knuckleSegment":82.86003112792969,"middleSegment":30.07379150390625,"endSegment":20.590078353881837},"ringFinger":{"knuckleSegment":77.45845794677735,"middleSegment":34.32313537597656,"endSegment":20.46491050720215},"littleFinger":{"knuckleSegment":61.196407318115237,"middleSegment":26.87012481689453,"endSegment":17.777406692504884},"AllAngles":[23.55825424194336,36.71050262451172,29.880937576293947,73.28202819824219,25.621932983398439,17.777406692504884,82.86003112792969,30.07379150390625,20.590078353881837,77.45845794677735,34.32313537597656,20.46491050720215,61.196407318115237,26.87012481689453,17.777406692504884],"handAngle":{"x":0.0,"y":0.0,"z":0.0,"w":1.0}}