{"thumb":{"knuckleSegment":87.233642578125,"middleSegment":59.82695388793945,"endSegment":30.707889556884767},"indexFinger":{"knuckleSegment":70.4574966430664,"middleSegment":38.152034759521487,"endSegment":16.849884033203126},"middleFinger":{"knuckleSegment":73.7800064086914,"middleSegment":45.22465896606445,"endSegment":17.412328720092775},"ringFinger":{"knuckleSegment":61.83340835571289,"middleSegment":45.3098030090332,"endSegment":20.621252059936525},"littleFinger":{"knuckleSegment":48.32826232910156,"middleSegment":32.01868438720703,"endSegment":19.956384658813478},"AllAngles":[87.233642578125,59.82695388793945,30.707889556884767,70.4574966430664,38.152034759521487,16.849884033203126,73.7800064086914,45.22465896606445,17.412328720092775,61.83340835571289,45.3098030090332,20.621252059936525,48.32826232910156,32.01868438720703,19.956384658813478],"handAngle":{"x":0.0,"y":0.0,"z":0.0,"w":1.0}}