{"thumb":{"knuckleSegment":27.24993896484375,"middleSegment":42.19732666015625,"endSegment":30.350191116333009},"indexFinger":{"knuckleSegment":37.94945526123047,"middleSegment":23.85630226135254,"endSegment":13.554037094116211},"middleFinger":{"knuckleSegment":40.977073669433597,"middleSegment":26.89402198791504,"endSegment":14.647345542907715},"ringFinger":{"knuckleSegment":39.19841384887695,"middleSegment":27.273496627807618,"endSegment":14.734792709350586},"littleFinger":{"knuckleSegment":33.54704666137695,"middleSegment":20.275707244873048,"endSegment":13.974056243896485},"AllAngles":[27.24993896484375,42.19732666015625,30.350191116333009,37.94945526123047,23.85630226135254,13.554037094116211,40.977073669433597,26.89402198791504,14.647345542907715,39.19841384887695,27.273496627807618,14.734792709350586,33.54704666137695,20.275707244873048,13.974056243896485],"handAngle":{"x":0.0,"y":0.0,"z":0.0,"w":1.0}}