{"thumb":{"knuckleSegment":55.35408020019531,"middleSegment":47.60509490966797,"endSegment":29.751672744750978},"indexFinger":{"knuckleSegment":55.71267318725586,"middleSegment":36.97203826904297,"endSegment":14.065689086914063},"middleFinger":{"knuckleSegment":62.86372375488281,"middleSegment":43.2200927734375,"endSegment":15.868240356445313},"ringFinger":{"knuckleSegment":58.994388580322269,"middleSegment":45.13935089111328,"endSegment":18.693273544311525},"littleFinger":{"knuckleSegment":49.00145721435547,"middleSegment":32.83092498779297,"endSegment":20.402036666870118},"AllAngles":[55.35408020019531,47.60509490966797,29.751672744750978,55.71267318725586,36.97203826904297,14.065689086914063,62.86372375488281,43.2200927734375,15.868240356445313,58.994388580322269,45.13935089111328,18.693273544311525,49.00145721435547,32.83092498779297,20.402036666870118],"handAngle":{"x":0.0,"y":0.0,"z":0.0,"w":1.0}}